{
 "seed": 0,
 "B": 10000,
 "models": {
  "qwen17b": {
   "e2": {
    "a": {
     "est": 0.4482758620689655,
     "lo": 0.27586206896551724,
     "hi": 0.6206896551724138,
     "n": 29
    },
    "b": {
     "est": 0.8275862068965517,
     "lo": 0.6896551724137931,
     "hi": 0.9655172413793104,
     "n": 29
    },
    "b_minus_a": {
     "est": 0.3793103448275862,
     "lo": 0.13793103448275862,
     "hi": 0.5862068965517241,
     "n": 29
    }
   },
   "e2p": {
    "a": {
     "est": 0.3103448275862069,
     "lo": 0.13793103448275862,
     "hi": 0.4827586206896552,
     "n": 29
    },
    "b": {
     "est": 0.20689655172413793,
     "lo": 0.06896551724137931,
     "hi": 0.3448275862068966,
     "n": 29
    },
    "b_minus_a": {
     "est": -0.10344827586206896,
     "lo": -0.3103448275862069,
     "hi": 0.10344827586206896,
     "n": 29
    }
   },
   "e2t": {
    "a": {
     "est": 0.6551724137931034,
     "lo": 0.4827586206896552,
     "hi": 0.8275862068965517,
     "n": 29
    },
    "b": {
     "est": 0.41379310344827586,
     "lo": 0.2413793103448276,
     "hi": 0.5862068965517241,
     "n": 29
    },
    "b_minus_a": {
     "est": -0.2413793103448276,
     "lo": -0.4827586206896552,
     "hi": 0.0,
     "n": 29
    }
   },
   "e5": {
    "c": {
     "est": 0.5862068965517241,
     "lo": 0.41379310344827586,
     "hi": 0.7586206896551724,
     "n": 29
    },
    "b": {
     "est": 0.8275862068965517,
     "lo": 0.6896551724137931,
     "hi": 0.9655172413793104,
     "n": 29
    },
    "d": {
     "est": 0.0,
     "lo": 0.0,
     "hi": 0.0,
     "n": 29
    },
    "b_minus_c": {
     "est": 0.2413793103448276,
     "lo": 0.06896551724137931,
     "hi": 0.41379310344827586,
     "n": 29
    }
   }
  },
  "qwen4b": {
   "e2": {
    "a": {
     "est": 0.5,
     "lo": 0.3541666666666667,
     "hi": 0.6458333333333334,
     "n": 48
    },
    "b": {
     "est": 0.8541666666666666,
     "lo": 0.75,
     "hi": 0.9375,
     "n": 48
    },
    "b_minus_a": {
     "est": 0.3541666666666667,
     "lo": 0.1875,
     "hi": 0.5208333333333334,
     "n": 48
    }
   },
   "e2p": {
    "a": {
     "est": 0.20833333333333334,
     "lo": 0.10416666666666667,
     "hi": 0.3333333333333333,
     "n": 48
    },
    "b": {
     "est": 0.2916666666666667,
     "lo": 0.16666666666666666,
     "hi": 0.4166666666666667,
     "n": 48
    },
    "b_minus_a": {
     "est": 0.08333333333333333,
     "lo": -0.10416666666666667,
     "hi": 0.2708333333333333,
     "n": 48
    }
   },
   "e2t": {
    "a": {
     "est": 0.5,
     "lo": 0.3541666666666667,
     "hi": 0.6458333333333334,
     "n": 48
    },
    "b": {
     "est": 0.3958333333333333,
     "lo": 0.25,
     "hi": 0.5416666666666666,
     "n": 48
    },
    "b_minus_a": {
     "est": -0.10416666666666667,
     "lo": -0.2708333333333333,
     "hi": 0.041666666666666664,
     "n": 48
    }
   },
   "e5": {
    "c": {
     "est": 0.7708333333333334,
     "lo": 0.6458333333333334,
     "hi": 0.875,
     "n": 48
    },
    "b": {
     "est": 0.8541666666666666,
     "lo": 0.75,
     "hi": 0.9375,
     "n": 48
    },
    "d": {
     "est": 0.0,
     "lo": 0.0,
     "hi": 0.0,
     "n": 48
    },
    "b_minus_c": {
     "est": 0.08333333333333333,
     "lo": -0.020833333333333332,
     "hi": 0.1875,
     "n": 48
    }
   }
  }
 }
}