{
  "model": "Qwen/Qwen3-1.7B",
  "n_layers": 28,
  "band_start": 8,
  "domains": {
    "capitals": {
      "n_used": 56,
      "n_skipped": 0,
      "commit_layers": [
        20,
        20,
        20,
        22,
        20,
        22,
        20,
        20,
        20,
        20,
        20,
        20,
        24,
        20,
        23,
        20,
        27,
        20,
        22,
        27,
        20,
        20,
        20,
        20,
        22,
        27,
        20,
        25,
        20,
        25,
        24,
        23,
        20,
        20,
        26,
        21,
        26,
        26,
        20,
        20,
        20,
        24,
        24,
        21,
        20,
        20,
        26,
        26,
        24,
        24,
        26,
        24,
        20,
        24,
        26,
        25
      ],
      "mean_commit": 22.25,
      "mean_commit_frac": 0.7946428571428571
    },
    "states": {
      "n_used": 36,
      "n_skipped": 1,
      "commit_layers": [
        24,
        24,
        24,
        24,
        24,
        25,
        24,
        22,
        26,
        26,
        26,
        22,
        24,
        20,
        25,
        26,
        20,
        26,
        22,
        22,
        26,
        24,
        25,
        27,
        26,
        24,
        26,
        24,
        26,
        24,
        26,
        22,
        25,
        20,
        24,
        25
      ],
      "mean_commit": 24.166666666666668,
      "mean_commit_frac": 0.8630952380952381
    },
    "currency": {
      "n_used": 20,
      "n_skipped": 9,
      "commit_layers": [
        27,
        24,
        24,
        25,
        27,
        25,
        27,
        26,
        26,
        27,
        26,
        25,
        26,
        26,
        25,
        27,
        25,
        27,
        27,
        27
      ],
      "mean_commit": 25.95,
      "mean_commit_frac": 0.9267857142857142
    }
  }
}