{
  "model": "Qwen/Qwen3-8B",
  "n_layers": 36,
  "band_start": 10,
  "domains": {
    "capitals": {
      "n_used": 56,
      "n_skipped": 0,
      "commit_layers": [
        25,
        26,
        26,
        26,
        26,
        27,
        26,
        26,
        25,
        26,
        26,
        26,
        30,
        25,
        28,
        24,
        27,
        26,
        26,
        26,
        26,
        24,
        26,
        28,
        27,
        33,
        26,
        32,
        27,
        32,
        31,
        26,
        26,
        26,
        33,
        26,
        34,
        34,
        24,
        26,
        26,
        32,
        31,
        26,
        26,
        26,
        32,
        33,
        32,
        31,
        31,
        26,
        26,
        26,
        34,
        32
      ],
      "mean_commit": 27.857142857142858,
      "mean_commit_frac": 0.7738095238095238
    },
    "states": {
      "n_used": 36,
      "n_skipped": 1,
      "commit_layers": [
        31,
        26,
        32,
        29,
        30,
        33,
        32,
        27,
        33,
        32,
        32,
        30,
        32,
        26,
        32,
        34,
        26,
        33,
        28,
        27,
        35,
        32,
        33,
        26,
        33,
        28,
        33,
        32,
        32,
        32,
        34,
        29,
        33,
        29,
        31,
        32
      ],
      "mean_commit": 30.805555555555557,
      "mean_commit_frac": 0.85570987654321
    },
    "currency": {
      "n_used": 20,
      "n_skipped": 9,
      "commit_layers": [
        30,
        35,
        33,
        35,
        35,
        35,
        34,
        34,
        34,
        35,
        33,
        34,
        33,
        35,
        34,
        34,
        35,
        33,
        33,
        34
      ],
      "mean_commit": 33.9,
      "mean_commit_frac": 0.9416666666666667
    }
  }
}