{
  "model": "Qwen/Qwen3-4B",
  "n_layers": 36,
  "band_start": 10,
  "domains": {
    "capitals": {
      "n_used": 56,
      "n_skipped": 0,
      "commit_layers": [
        27,
        27,
        29,
        30,
        30,
        28,
        27,
        27,
        29,
        29,
        29,
        29,
        30,
        26,
        30,
        26,
        29,
        29,
        30,
        30,
        27,
        31,
        29,
        29,
        29,
        33,
        27,
        31,
        30,
        31,
        31,
        29,
        29,
        29,
        32,
        29,
        34,
        34,
        29,
        35,
        29,
        32,
        31,
        29,
        30,
        30,
        32,
        33,
        31,
        31,
        31,
        29,
        35,
        29,
        34,
        32
      ],
      "mean_commit": 29.946428571428573,
      "mean_commit_frac": 0.8318452380952381
    },
    "states": {
      "n_used": 35,
      "n_skipped": 2,
      "commit_layers": [
        32,
        29,
        31,
        29,
        30,
        33,
        31,
        29,
        33,
        33,
        33,
        32,
        32,
        26,
        31,
        33,
        27,
        34,
        30,
        32,
        32,
        33,
        29,
        34,
        33,
        32,
        33,
        32,
        32,
        34,
        33,
        33,
        29,
        32,
        32
      ],
      "mean_commit": 31.514285714285716,
      "mean_commit_frac": 0.8753968253968254
    },
    "currency": {
      "n_used": 15,
      "n_skipped": 14,
      "commit_layers": [
        34,
        31,
        31,
        32,
        31,
        36,
        34,
        34,
        33,
        35,
        33,
        35,
        32,
        32,
        35
      ],
      "mean_commit": 33.2,
      "mean_commit_frac": 0.9222222222222223
    }
  }
}