{
  "model": "Qwen/Qwen3.6-27B",
  "n_layers": 64,
  "band_start": 18,
  "domains": {
    "capitals": {
      "n_used": 5,
      "n_skipped": 51,
      "commit_layers": [
        61,
        59,
        53,
        59,
        63
      ],
      "mean_commit": 59.0,
      "mean_commit_frac": 0.921875
    },
    "states": {
      "n_used": 3,
      "n_skipped": 34,
      "commit_layers": [
        59,
        59,
        63
      ],
      "mean_commit": 60.333333333333336,
      "mean_commit_frac": 0.9427083333333334
    },
    "currency": {
      "n_used": 16,
      "n_skipped": 13,
      "commit_layers": [
        58,
        57,
        58,
        61,
        63,
        61,
        63,
        61,
        61,
        59,
        61,
        63,
        58,
        62,
        60,
        63
      ],
      "mean_commit": 60.5625,
      "mean_commit_frac": 0.9462890625
    }
  }
}