{
  "model": "Qwen/Qwen3-14B",
  "n_layers": 40,
  "band_start": 11,
  "domains": {
    "capitals": {
      "n_used": 56,
      "n_skipped": 0,
      "commit_layers": [
        30,
        30,
        31,
        31,
        31,
        33,
        31,
        29,
        31,
        31,
        31,
        32,
        35,
        31,
        31,
        31,
        32,
        31,
        31,
        31,
        31,
        31,
        31,
        31,
        31,
        35,
        31,
        33,
        32,
        34,
        33,
        31,
        31,
        31,
        36,
        31,
        37,
        37,
        30,
        33,
        31,
        34,
        34,
        31,
        31,
        32,
        36,
        36,
        35,
        34,
        34,
        32,
        31,
        32,
        37,
        36
      ],
      "mean_commit": 32.32142857142857,
      "mean_commit_frac": 0.8080357142857142
    },
    "states": {
      "n_used": 36,
      "n_skipped": 1,
      "commit_layers": [
        33,
        32,
        33,
        33,
        33,
        33,
        35,
        33,
        31,
        37,
        37,
        36,
        33,
        34,
        34,
        34,
        37,
        31,
        37,
        32,
        32,
        36,
        36,
        31,
        37,
        34,
        39,
        35,
        35,
        34,
        37,
        31,
        35,
        33,
        34,
        35
      ],
      "mean_commit": 34.22222222222222,
      "mean_commit_frac": 0.8555555555555555
    },
    "currency": {
      "n_used": 16,
      "n_skipped": 13,
      "commit_layers": [
        30,
        35,
        36,
        35,
        33,
        39,
        39,
        37,
        37,
        37,
        39,
        39,
        33,
        38,
        37,
        38
      ],
      "mean_commit": 36.375,
      "mean_commit_frac": 0.909375
    }
  }
}