{
  "model": "google/gemma-2-27b",
  "n_layers": 46,
  "band_start": 13,
  "domains": {
    "capitals": {
      "n_used": 56,
      "n_skipped": 0,
      "commit_layers": [
        35,
        34,
        33,
        34,
        34,
        35,
        33,
        34,
        32,
        35,
        31,
        35,
        37,
        32,
        31,
        35,
        35,
        34,
        35,
        34,
        35,
        34,
        31,
        31,
        31,
        37,
        35,
        35,
        36,
        35,
        35,
        34,
        32,
        34,
        35,
        32,
        34,
        35,
        33,
        33,
        31,
        32,
        32,
        31,
        35,
        35,
        33,
        34,
        32,
        34,
        35,
        35,
        31,
        31,
        39,
        35
      ],
      "mean_commit": 33.75,
      "mean_commit_frac": 0.7336956521739131
    },
    "states": {
      "n_used": 36,
      "n_skipped": 1,
      "commit_layers": [
        34,
        35,
        32,
        36,
        36,
        36,
        38,
        37,
        37,
        34,
        38,
        36,
        36,
        36,
        34,
        37,
        37,
        35,
        36,
        35,
        33,
        39,
        37,
        34,
        38,
        37,
        39,
        36,
        37,
        38,
        34,
        33,
        34,
        34,
        36,
        39
      ],
      "mean_commit": 35.916666666666664,
      "mean_commit_frac": 0.7807971014492753
    },
    "currency": {
      "n_used": 0,
      "n_skipped": 29,
      "commit_layers": [],
      "mean_commit": null,
      "mean_commit_frac": null
    }
  }
}