{
  "model": "google/gemma-2-2b",
  "n_layers": 26,
  "band_start": 7,
  "domains": {
    "capitals": {
      "n_used": 56,
      "n_skipped": 0,
      "commit_layers": [
        21,
        24,
        25,
        21,
        24,
        21,
        18,
        18,
        25,
        24,
        25,
        25,
        25,
        25,
        21,
        20,
        25,
        25,
        24,
        25,
        25,
        25,
        25,
        20,
        25,
        24,
        25,
        25,
        25,
        25,
        25,
        25,
        25,
        24,
        25,
        25,
        25,
        25,
        25,
        25,
        25,
        25,
        25,
        25,
        25,
        25,
        25,
        25,
        25,
        25,
        25,
        25,
        25,
        25,
        25,
        25
      ],
      "mean_commit": 24.178571428571427,
      "mean_commit_frac": 0.9299450549450549
    },
    "states": {
      "n_used": 36,
      "n_skipped": 1,
      "commit_layers": [
        22,
        25,
        24,
        25,
        22,
        22,
        22,
        25,
        25,
        25,
        25,
        25,
        25,
        25,
        25,
        24,
        25,
        25,
        25,
        25,
        25,
        24,
        22,
        25,
        23,
        24,
        25,
        24,
        23,
        25,
        25,
        24,
        25,
        25,
        24,
        24
      ],
      "mean_commit": 24.25,
      "mean_commit_frac": 0.9326923076923077
    },
    "currency": {
      "n_used": 4,
      "n_skipped": 25,
      "commit_layers": [
        24,
        24,
        25,
        26
      ],
      "mean_commit": 24.75,
      "mean_commit_frac": 0.9519230769230769
    }
  }
}