{
  "model": "Qwen/Qwen3.5-9B",
  "n_layers": 32,
  "band_start": 9,
  "domains": {
    "capitals": {
      "n_used": 36,
      "n_skipped": 20,
      "commit_layers": [
        23,
        24,
        24,
        24,
        31,
        24,
        23,
        23,
        24,
        25,
        25,
        24,
        31,
        31,
        26,
        23,
        29,
        23,
        26,
        26,
        31,
        24,
        31,
        31,
        24,
        28,
        31,
        29,
        24,
        24,
        23,
        29,
        26,
        27,
        28,
        23
      ],
      "mean_commit": 26.166666666666668,
      "mean_commit_frac": 0.8177083333333334
    },
    "states": {
      "n_used": 35,
      "n_skipped": 2,
      "commit_layers": [
        26,
        25,
        25,
        31,
        31,
        25,
        28,
        25,
        28,
        29,
        26,
        30,
        26,
        27,
        29,
        29,
        30,
        29,
        30,
        31,
        31,
        29,
        28,
        29,
        28,
        27,
        31,
        26,
        26,
        28,
        31,
        28,
        29,
        29,
        29
      ],
      "mean_commit": 28.257142857142856,
      "mean_commit_frac": 0.8830357142857143
    },
    "currency": {
      "n_used": 12,
      "n_skipped": 17,
      "commit_layers": [
        23,
        25,
        28,
        31,
        31,
        30,
        29,
        29,
        26,
        25,
        30,
        28
      ],
      "mean_commit": 27.916666666666668,
      "mean_commit_frac": 0.8723958333333334
    }
  }
}