{
  "model": "google/gemma-2-9b",
  "n_layers": 42,
  "band_start": 12,
  "domains": {
    "capitals": {
      "n_used": 56,
      "n_skipped": 0,
      "commit_layers": [
        32,
        31,
        31,
        33,
        33,
        40,
        29,
        40,
        31,
        32,
        33,
        37,
        39,
        40,
        30,
        30,
        40,
        33,
        40,
        34,
        34,
        40,
        40,
        31,
        40,
        34,
        32,
        40,
        40,
        40,
        40,
        35,
        41,
        33,
        40,
        40,
        40,
        40,
        33,
        40,
        40,
        40,
        40,
        31,
        36,
        40,
        40,
        40,
        40,
        40,
        40,
        40,
        33,
        34,
        39,
        40
      ],
      "mean_commit": 36.67857142857143,
      "mean_commit_frac": 0.8732993197278912
    },
    "states": {
      "n_used": 36,
      "n_skipped": 1,
      "commit_layers": [
        33,
        34,
        34,
        34,
        32,
        33,
        34,
        36,
        40,
        41,
        35,
        37,
        34,
        36,
        32,
        36,
        40,
        32,
        37,
        37,
        40,
        37,
        37,
        33,
        37,
        37,
        40,
        34,
        35,
        37,
        34,
        37,
        34,
        31,
        33,
        36
      ],
      "mean_commit": 35.52777777777778,
      "mean_commit_frac": 0.8458994708994709
    },
    "currency": {
      "n_used": 3,
      "n_skipped": 26,
      "commit_layers": [
        37,
        41,
        42
      ],
      "mean_commit": 40.0,
      "mean_commit_frac": 0.9523809523809523
    }
  }
}